{"1tg24u9": 1779052789.526274, "1tg21wy": 1779052789.526337, "1tg1ms4": 1779052789.5263739, "1tg1kge": 1779052789.526387, "1tg1iaw": 1779052789.5264452, "1tg1d4f": 1779052789.526464, "1tg1a5u": 1779052789.526488, "1tg18on": 1779052789.5265112, "1tg0u5w": 1779052789.5265112, "1tg0fm4": 1779052789.5265121, "1tg0a9v": 1779052789.5265121, "1tg07x7": 1779052789.5265121, "1tg04iu": 1779052789.5265129, "1tfzn8a": 1779052789.5265129, "1tfzlvw": 1779052789.5265138, "1tfz6dt": 1779052789.5265138, "1tfyytu": 1779052789.526515, "1tfyyjt": 1779052789.526515, "1tfyxss": 1779052789.526515, "1tfyo9z": 1779052789.526516, "1tfyja5": 1779052789.526516, "1tfy3rc": 1779052789.526517, "1tfy33p": 1779052789.526517, "1tfxl5b": 1779052789.526518, "1tfxkal": 1779052789.526518, "1tg23oz": 1779052792.054877, "1tg21o9": 1779052792.054956, "1tg1tlo": 1779052792.055049, "1tg1rwb": 1779052792.055064, "1tg1ret": 1779052792.055115, "1tg1qjc": 1779052792.05513, "1tg1q1p": 1779052792.055156, "1tg1kq3": 1779052792.055216, "1tg1jp0": 1779052792.0553129, "1tg0xxq": 1779052792.0553129, "1tg0spu": 1779052792.0553138, "1tg0qgp": 1779052792.055315, "1tg0ocm": 1779052792.055316, "1tg0lew": 1779052792.055316, "1tg0kbc": 1779052792.055317, "1tg0htr": 1779052792.055317, "1tg0fpp": 1779052792.055318, "1tg0ahm": 1779052792.055318, "1tfzysq": 1779052792.055319, "1tfzp4l": 1779052792.05532, "1tfzmj5": 1779052792.05532, "1tfzg29": 1779052792.055321, "1tfz97t": 1779052792.055321, "1tfz7yt": 1779052792.0553222, "1tfz57b": 1779052792.0553222, "1tg0l12": 1779052794.733332, "1tg0cm5": 1779052794.733336, "1tg09xl": 1779052794.7333388, "1tg010c": 1779052794.733341, "1tfyb77": 1779052794.733343, "1tfxuee": 1779052794.733346, "1tfxsoe": 1779052794.7333472, "1tfwl0k": 1779052794.7333498, "1tfv5re": 1779052794.733351, "1tfv5jt": 1779052794.733352, "1tfun8z": 1779052794.733354, "1tfu2sr": 1779052794.733356, "1tft44c": 1779052794.733357, "1tfssse": 1779052794.733359, "1tfspsl": 1779052794.73336, "1tfqian": 1779052794.733361, "1tfoix9": 1779052794.733362, "1tfnv9z": 1779052794.7333639, "1tfmwml": 1779052794.733365, "1tfm2lv": 1779052794.733366, "1tfly87": 1779052794.733372, "1tfkcut": 1779052794.733373, "1tfj1d9": 1779052794.7333739, "1tfikfe": 1779052794.733375, "1tfgmmm": 1779052794.733376, "1tg22gp": 1779052797.3460538, "1tg1ndq": 1779052797.346068, "1tg1lqy": 1779052797.346122, "1tg1jwu": 1779052797.34615, "1tg1gcf": 1779052797.346161, "1tg18xy": 1779052797.3461719, "1tg182g": 1779052797.346184, "1tg0up7": 1779052797.346184, "1tg0rju": 1779052797.346185, "1tg0lmu": 1779052797.346185, "1tg0f93": 1779052797.346186, "1tg0e50": 1779052797.346187, "1tg04u9": 1779052797.346187, "1tg04db": 1779052797.346188, "1tfzrdm": 1779052797.346188, "1tfzpiw": 1779052797.346189, "1tfzlrr": 1779052797.346189, "1tfzlj1": 1779052797.34619, "1tfzcp8": 1779052797.34619, "1tfzc56": 1779052797.3461912, "1tfz982": 1779052797.3461912, "1tfyfie": 1779052797.346192, "1tfxpjt": 1779052797.346192, "1tfxnnt": 1779052797.3461928, "1tfxmg0": 1779052797.3461928, "1tg1a90": 1779052800.012332, "1tfxch8": 1779052800.0123332, "1tfxbxa": 1779052800.012334, "1tfw120": 1779052800.012335, "1tfvni4": 1779052800.012335, "1tfsubm": 1779052800.012336, "1tfkj81": 1779052800.012336, "1tfhswa": 1779052800.012337, "1tf67ly": 1779052800.012338, "1tf5o06": 1779052800.0123389, "1tezpzx": 1779052800.0123389, "1textss": 1779052800.0123389, "1tet1zo": 1779052800.01234, "1teplyn": 1779052800.01234, "1te5mza": 1779052800.012341, "1te2onj": 1779052800.012342, "1te2cun": 1779052800.012342, "1tdzlib": 1779052800.012343, "1tdyfah": 1779052800.0123441, "1tdw79d": 1779052800.0123441, "1tdpu9f": 1779052800.0123441, "1tdoh0n": 1779052800.012345, "1td55fu": 1779052800.012345, "1td21ai": 1779052800.012346, "1td0v1p": 1779052800.012346, "1tfl350": 1779052803.1978822, "1tfgasg": 1779052803.197885, "1tecw4b": 1779052803.197888, "1te2qi7": 1779052803.19789, "1tdwrfs": 1779052803.1978931, "1tdt6s9": 1779052803.1978939, "1tdpg1s": 1779052803.197897, "1tcu6em": 1779052803.197898, "1tc47dk": 1779052803.1979, "1tbw8w4": 1779052803.1979032, "1tbu97g": 1779052803.1979048, "1tb48ra": 1779052803.197907, "1tb2u2g": 1779052803.197908, "1tazpkc": 1779052803.19791, "1tauq0n": 1779052803.1979132, "1ta4lqe": 1779052803.1979148, "1ta4ks5": 1779052803.197917, "1ta0tv2": 1779052803.197919, "1t9zy7w": 1779052803.197921, "1t9yc6i": 1779052803.1979232, "1t9cwy7": 1779052803.197925, "1t9bnws": 1779052803.197927, "1t98v58": 1779052803.197929, "1t94y0h": 1779052803.197931, "1t92le5": 1779052803.197932, "1tg1rgh": 1779052806.8411882, "1tg1ldc": 1779052806.841277, "1tg1l98": 1779052806.841331, "1tg1jj4": 1779052807.5044281, "1tg1isu": 1779052807.5044851, "1tg12fq": 1779052807.504545, "1tg0zhr": 1779052807.504547, "1tg0w22": 1779052807.50455, "1tg0tp9": 1779052807.504552, "1tg0r1x": 1779052807.504554, "1tg0k6d": 1779052807.504556, "1tg09a4": 1779052807.504558, "1tfza9u": 1779052807.5045602, "1tfyqua": 1779052807.504562, "1tfxygd": 1779052807.504564, "1tfxgt8": 1779052807.504566, "1tfxejz": 1779052807.504568, "1tfx6pc": 1779052807.50457, "1tfx1eb": 1779052807.504572, "1tfwpux": 1779052807.504574, "1tfwoqr": 1779052807.504575, "1tfwmh5": 1779052807.50458, "1tfwh81": 1779052807.504582, "1tfw41q": 1779052807.5045838, "1tfvzm4": 1779052807.504587, "1tg29e7": 1779053121.907952, "1tg29er": 1779053127.155564, "1tg29d9": 1779053134.810196, "1tg2f3b": 1779053412.926353, "1tg2d8j": 1779053412.926483}